model,fold,accuracy,roc_auc,f1
Random Forest (100 trees),1,0.6927083333333334,0.7433577645442052,0.7790262172284644
Random Forest (100 trees),2,0.6963350785340314,0.6955994455994455,0.7883211678832117
Random Forest (100 trees),3,0.6544502617801047,0.6845114345114345,0.7441860465116279
Random Forest (100 trees),4,0.680628272251309,0.6959459459459459,0.7510204081632653
Random Forest (100 trees),5,0.6839378238341969,0.7522143992732229,0.7644787644787645
LightGBM,1,0.6822916666666666,0.662734768666972,0.7732342007434945
LightGBM,2,0.6492146596858639,0.66002541002541,0.7490636704119851
LightGBM,3,0.643979057591623,0.6251443751443753,0.7384615384615385
LightGBM,4,0.6596858638743456,0.6817971817971817,0.7410358565737052
LightGBM,5,0.694300518134715,0.7028730411083353,0.7806691449814126
"Random Forest (200 trees, depth 10, min split 5)",1,0.6614583333333334,0.6612459917544663,0.782608695652174
"Random Forest (200 trees, depth 10, min split 5)",2,0.6544502617801047,0.7000462000462,0.7785234899328859
"Random Forest (200 trees, depth 10, min split 5)",3,0.6544502617801047,0.677061677061677,0.777027027027027
"Random Forest (200 trees, depth 10, min split 5)",4,0.6544502617801047,0.6707091707091707,0.7755102040816326
"Random Forest (200 trees, depth 10, min split 5)",5,0.6632124352331606,0.7043493072904837,0.7766323024054983
